GMI_CNTRY,CNTRY_NAME,Longitude,Latitude,country,iso3,who_region,who_region_long,Population2,period1,period2,period3,period4,period5,morbidity1,morbidity2,morbidity3,morbidity4,morbidity5
ABW,Aruba,-69.9756012,12.5156002,Aruba,ABW,AMRO,Region of the Americas,107195,0,0,1,3,3,0,0,0.093287933,0.2798638,0.2798638
AND,Andorra,1.5767699,42.5486984,Andorra,AND,EURO,European Region,77354,0,0,4,4,4,0,0,0.517103188,0.517103188,0.517103188
ARE,United Arab Emirates,54.3350983,23.9104004,United Arab Emirates,ARE,EMRO,Eastern Mediterranean Region,9991083,0,13,16,16,16,0,0.013011602,0.01601428,0.01601428,0.01601428
ARG,Argentina,-65.1677017,-35.3762016,Argentina,ARG,AMRO,Region of the Americas,45808747,0,0,133,479,1064,0,0,0.029033756,0.104565183,0.232270051
AUS,Australia,134.4900055,-25.7350006,Australia,AUS,WPRO,Western Pacific Region,25739256,0,23,106,138,144,0,0.008935767,0.041182232,0.053614603,0.055945673
AUT,Austria,14.1401997,47.5928993,Austria,AUT,EURO,European Region,8956279,0,62,258,317,327,0,0.069225177,0.28806606,0.353941631,0.365106982
BEL,Belgium,4.66399,50.6428986,Belgium,BEL,EURO,European Region,11587882,0,169,671,775,790,0,0.14584201,0.579053187,0.668802116,0.681746673
BEN,Benin,2.3431301,9.6473198,Benin,BEN,AFRO,African Region,12451031,0,3,3,3,3,0,0.002409439,0.002409439,0.002409439,0.002409439
BGR,Bulgaria,25.2315006,42.7613983,Bulgaria,BGR,EURO,European Region,6899125,0,3,4,6,6,0,0.004348378,0.005797837,0.008696755,0.008696755
BHR,Bahrain,50.5596008,26.0223999,Bahrain,BHR,EMRO,Eastern Mediterranean Region,1748295,0,0,0,1,1,0,0,0,0.005719858,0.005719858
BHS,Bahamas,-76.5466003,24.2010994,Bahamas,BHS,AMRO,Region of the Americas,396914,0,1,2,2,2,0,0.025194375,0.050388749,0.050388749,0.050388749
BIH,Bosnia and Herzegovina,17.7865009,44.1680984,Bosnia and Herzegovina,BIH,EURO,European Region,3263459,0,0,3,6,9,0,0,0.0091927,0.0183854,0.0275781
BMU,Bermuda,-64.7369995,32.3179016,Bermuda,BMU,AMRO,Region of the Americas,63867,0,0,1,1,1,0,0,0.156575383,0.156575383,0.156575383
BOL,Bolivia,-64.6706009,-16.7150002,Bolivia (Plurinational State of),BOL,AMRO,Region of the Americas,11832936,0,0,55,215,263,0,0,0.046480434,0.181696242,0.222260984
BRA,Brazil,-53.0900993,-10.7729998,Brazil,BRA,AMRO,Region of the Americas,213993441,0,205,4472,8340,10730,0,0.009579733,0.208978368,0.389731571,0.501417237
BRB,Barbados,-59.5620003,13.1787004,Barbados,BRB,AMRO,Region of the Americas,287708,0,0,1,1,1,0,0,0.034757462,0.034757462,0.034757462
CAF,Central African Republic,20.4827995,6.5713401,Central African Republic,CAF,AFRO,African Region,4919987,2,3,3,10,20,0.004065051,0.006097577,0.006097577,0.020325257,0.040650514
CAN,Canada,-98.2654037,61.3919983,Canada,CAN,AMRO,Region of the Americas,38246108,0,375,1228,1411,1460,0,0.098049192,0.321078422,0.368926428,0.381738189
CHE,Switzerland,8.2343903,46.8025017,Switzerland,CHE,EURO,European Region,8697723,0,140,431,517,551,0,0.160961668,0.495531992,0.594408445,0.633499135
CHL,Chile,-71.3740005,-37.8529015,Chile,CHL,AMRO,Region of the Americas,19212362,0,13,270,977,1408,0,0.006766477,0.140534516,0.50852675,0.732861477
CHN,China,103.8339996,36.5630989,China,CHN,WPRO,Western Pacific Region,1412360000,0,1,3,6,6,0,7.08E-06,2.12E-05,4.25E-05,4.25E-05
CMR,Cameroon,12.7435999,5.6859498,Cameroon,CMR,AFRO,African Region,27224262,0,4,7,8,18,0,0.001469278,0.002571236,0.002938555,0.006611749
COD,Democratic Republic of the Congo,23.656,-2.88,Democratic Republic of the Congo,COD,AFRO,African Region,86895200,0,78,195,190,348,0,0.00897633,0.022440825,0.021865419,0.040048242
COG,Congo,15.2243004,-0.840232,Congo,COG,AFRO,African Region,5657017,0,2,3,5,5,0,0.003535432,0.005303148,0.00883858,0.00883858
COL,Colombia,-73.0731964,3.9007499,Colombia,COL,AMRO,Region of the Americas,51265841,0,6,273,2453,4066,0,0.00117037,0.053251833,0.47848625,0.793120706
CRI,Costa Rica,-84.1882019,9.9701996,Costa Rica,CRI,AMRO,Region of the Americas,5139053,0,0,3,6,140,0,0,0.005837651,0.011675303,0.272423733
CUB,Cuba,-79.0362015,21.6210995,Cuba,CUB,AMRO,Region of the Americas,11317498,0,0,1,4,8,0,0,0.000883588,0.00353435,0.0070687
CUW,Curacao,-68.99002,12.16957,Curacao,CUW,AMRO,Region of the Americas,159999,0,0,1,3,3,0,0,0.062500391,0.187501172,0.187501172
CYP,Cyprus,33.2218018,35.0458984,Cyprus,CYP,EURO,European Region,1215588,0,0,4,5,5,0,0,0.032905886,0.041132357,0.041132357
CZE,Czechia,15.3383999,49.7429008,Czechia,CZE,EURO,European Region,10703446,0,10,46,72,71,0,0.009342785,0.042976813,0.067268056,0.066333777
DEU,Germany,10.3936005,51.1066017,Germany,DEU,EURO,European Region,83129285,0,1490,3405,3645,3692,0,0.179238881,0.409602946,0.438473638,0.444127482
DNK,Denmark,10.0462999,55.9634018,Denmark,DNK,EURO,European Region,5856733,0,28,171,187,194,0,0.047808223,0.29197165,0.319290635,0.331242691
DOM,Dominican Republic,-70.4845963,18.8943996,Dominican Republic,DOM,AMRO,Region of the Americas,10953714,0,1,7,52,52,0,0.000912932,0.006390527,0.047472483,0.047472483
ECU,Ecuador,-78.7670975,-1.42742,Ecuador,ECU,AMRO,Region of the Americas,17888474,0,1,44,142,478,0,0.000559019,0.024596844,0.079380723,0.267211166
EGY,Egypt,29.8719006,26.4941998,Egypt,EGY,EMRO,Eastern Mediterranean Region,104258327,0,0,0,1,3,0,0,0,9.59E-05,0.000287747
ESP,Spain,-3.6484599,40.2280006,Spain,ESP,EURO,European Region,47326687,0,2034,6459,7209,7518,0,0.429778657,1.3647691,1.523242056,1.588532914
EST,Estonia,25.5275993,58.674099,Estonia,EST,EURO,European Region,1329254,0,2,10,11,11,0,0.015046033,0.075230167,0.082753183,0.082753183
FIN,Finland,26.2663994,64.5003967,Finland,FIN,EURO,European Region,5541696,0,13,22,40,42,0,0.023458522,0.039699038,0.072180069,0.075789073
FRA,France,2.55196,46.5644989,France,FRA,EURO,European Region,67499343,0,722,3423,4045,4136,0,0.106964004,0.507116047,0.599265092,0.612746705
GBR,The United Kingdom,-2.8955801,54.1553001,The United Kingdom,GBR,EURO,European Region,67326569,3,1552,3340,3654,3735,0.000445589,0.230518207,0.496089441,0.54272779,0.554758702
GEO,Georgia,43.5173988,42.1763,Georgia,GEO,EURO,European Region,3708610,0,1,2,2,2,0,0.002696428,0.005392856,0.005392856,0.005392856
GHA,Ghana,-1.2072901,7.9599299,Ghana,GHA,AFRO,African Region,31732128,0,19,56,103,121,0,0.005987622,0.017647729,0.032459216,0.0381317
GIB,Gibraltar,-5.3448901,36.1381989,Gibraltar,GIB,EURO,European Region,33691,0,1,6,6,6,0,0.296815173,1.780891039,1.780891039,1.780891039
GLP,Guadeloupe,-61.5367012,16.2035007,Guadeloupe,GLP,AMRO,Region of the Americas,410638,0,0,1,1,1,0,0,0.024352349,0.024352349,0.024352349
GRC,Greece,22.9610004,39.0682983,Greece,GRC,EURO,European Region,10664568,0,12,54,82,86,0,0.011252214,0.050634962,0.076890128,0.080640866
GRL,Greenland,-41.3894997,74.7209015,Greenland,GRL,EURO,European Region,56653,0,0,2,2,2,0,0,0.353026318,0.353026318,0.353026318
GTM,Guatemala,-90.3565979,15.7020998,Guatemala,GTM,AMRO,Region of the Americas,17109746,0,0,6,38,348,0,0,0.003506773,0.022209564,0.20339285
GUM,Guam,144.776001,13.4435997,Guam,GUM,WPRO,Western Pacific Region,170184,0,0,0,1,1,0,0,0,0.05875993,0.05875993
GUY,Guyana,-58.9748001,4.7920198,Guyana,GUY,AMRO,Region of the Americas,790329,0,0,1,2,2,0,0,0.012652958,0.025305917,0.025305917
HND,Honduras,-86.6192017,14.8190002,Honduras,HND,AMRO,Region of the Americas,10062994,0,0,3,6,13,0,0,0.00298122,0.00596244,0.01291862
HRV,Croatia,16.4118004,45.0512009,Croatia,HRV,EURO,European Region,3899000,0,1,26,29,33,0,0.00256476,0.066683765,0.074378046,0.084637086
HUN,Hungary,19.4134007,47.1665001,Hungary,HUN,EURO,European Region,9709886,0,24,67,78,80,0,0.024717077,0.06900184,0.0803305,0.082390257
IDN,Indonesia,117.3690033,-2.2830601,Indonesia,IDN,SEARO,South-East Asia Region,276361788,0,0,1,1,1,0,0,3.62E-05,3.62E-05,3.62E-05
IND,India,79.6162033,22.8836002,India,IND,SEARO,South-East Asia Region,1393409033,0,0,10,12,22,0,0,7.18E-05,8.61E-05,0.000157886
IRL,Ireland,-8.1505804,53.1763992,Ireland,IRL,EURO,European Region,5028230,0,44,128,195,228,0,0.087505941,0.254562739,0.387810422,0.453439878
IRN,Iran,54.3013992,32.5657997,Iran (Islamic Republic of),IRN,EMRO,Eastern Mediterranean Region,85028760,0,0,1,1,1,0,0,0.000117607,0.000117607,0.000117607
ISL,Iceland,-18.6054993,64.9975967,Iceland,ISL,EURO,European Region,372295,0,6,12,16,16,0,0.161162519,0.322325038,0.429766717,0.429766717
ISR,Israel,34.9656982,31.3582993,Israel,ISR,EURO,European Region,9364000,0,61,215,254,262,0,0.065143101,0.229602734,0.271251602,0.279794959
ITA,Italy,12.0724001,42.7965012,Italy,ITA,EURO,European Region,59066225,0,255,740,854,954,0,0.04317188,0.125283104,0.144583474,0.161513623
JAM,Jamaica,-77.3191986,18.1513004,Jamaica,JAM,AMRO,Region of the Americas,2973462,0,1,4,14,18,0,0.003363083,0.013452333,0.047083164,0.060535497
JOR,Jordan,36.7867012,31.2532997,Jordan,JOR,EMRO,Eastern Mediterranean Region,10269022,0,0,0,1,1,0,0,0,0.000973803,0.000973803
JPN,Japan,137.9909973,37.5621986,Japan,JPN,WPRO,Western Pacific Region,125681593,0,0,4,7,11,0,0,0.000318265,0.000556963,0.000875228
KOR,Republic of Korea,127.8349991,36.3750992,Republic of Korea,KOR,WPRO,Western Pacific Region,51744876,0,1,1,2,4,0,0.000193256,0.000193256,0.000386512,0.000773023
LBN,Lebanon,35.8880005,33.9202995,Lebanon,LBN,EMRO,Eastern Mediterranean Region,6769151,0,1,6,14,26,0,0.00147729,0.008863741,0.020682062,0.038409544
LBR,Liberia,-9.30791,6.4480901,Liberia,LBR,AFRO,African Region,5180208,0,0,2,3,6,0,0,0.003860849,0.005791273,0.011582546
LKA,Sri Lanka,80.7046967,7.6080899,Sri Lanka,LKA,SEARO,South-East Asia Region,22156000,0,0,0,0,2,0,0,0,0,0.00090269
LTU,Lithuania,23.8980999,55.335701,Lithuania,LTU,EURO,European Region,2795321,0,0,5,5,5,0,0,0.017887033,0.017887033,0.017887033
LUX,Luxembourg,6.08781,49.7705994,Luxembourg,LUX,EURO,European Region,639070,0,7,50,55,57,0,0.109534167,0.782386906,0.860625597,0.891921073
LVA,Latvia,24.9293995,56.8574982,Latvia,LVA,EURO,European Region,1883162,0,2,4,6,6,0,0.010620435,0.02124087,0.031861306,0.031861306
MAF,Saint Martin,-63.052251,18.08255,Saint Martin,MAF,AMRO,Region of the Americas,77741,0,0,1,1,1,0,0,0.128632253,0.128632253,0.128632253
MAR,Morocco,-6.3178201,31.8836002,Morocco,MAR,EMRO,Eastern Mediterranean Region,37344787,0,1,1,3,3,0,0.000267775,0.000267775,0.000803325,0.000803325
MCO,Monaco,7.4128199,43.7480011,Monaco,MCO,EURO,European Region,39520,0,0,3,3,3,0,0,0.759109312,0.759109312,0.759109312
MDA,Republic of Moldova,28.4738998,47.1939011,Republic of Moldova,MDA,EURO,European Region,2573928,0,0,2,2,2,0,0,0.007770225,0.007770225,0.007770225
MEX,Mexico,-102.5329971,23.9505005,Mexico,MEX,AMRO,Region of the Americas,130262220,0,0,386,1968,3768,0,0,0.029632537,0.151079876,0.289262689
MLT,Malta,14.4419003,35.8904991,Malta,MLT,EURO,European Region,516869,0,9,31,33,33,0,0.174125359,0.599765124,0.638459648,0.638459648
MNE,Montenegro,19.466667,-41.55,Montenegro,MNE,EURO,European Region,622000,0,0,2,2,2,0,0,0.032154341,0.032154341,0.032154341
MOZ,Mozambique,35.5522003,-17.2598,Mozambique,MOZ,AFRO,African Region,32163045,0,0,0,0,1,0,0,0,0,0.000310916
MTQ,Martinique,-61.0213013,14.6525002,Martinique,MTQ,AMRO,Region of the Americas,374574,0,1,1,1,7,0,0.026696994,0.026696994,0.026696994,0.186878961
NCL,New Caledonia,165.7149963,-21.3162994,New Caledonia,NCL,WPRO,Western Pacific Region,272620,0,0,1,1,1,0,0,0.036681095,0.036681095,0.036681095
NGA,Nigeria,8.1053104,9.5939598,Nigeria,NGA,AFRO,African Region,211400704,19,62,172,400,775,0.000898767,0.002932819,0.008136208,0.018921413,0.036660237
NLD,Netherlands,5.60252,52.2489014,Netherlands,NLD,EURO,European Region,17533405,0,402,1136,1221,1260,0,0.229276629,0.647906097,0.696384986,0.718628241
NOR,Norway,14.0845003,64.4477997,Norway,NOR,EURO,European Region,5408320,0,19,79,92,94,0,0.035131057,0.146071238,0.170108278,0.173806284
NZL,New Zealand,171.7799988,-41.8389015,New Zealand,NZL,WPRO,Western Pacific Region,5122600,0,0,4,11,41,0,0,0.007808535,0.021473471,0.080037481
PAN,Panama,-80.1010971,8.5064802,Panama,PAN,AMRO,Region of the Americas,4381583,0,1,8,16,110,0,0.00228228,0.018258241,0.036516483,0.251050819
PER,Peru,-74.3755035,-9.1638203,Peru,PER,AMRO,Region of the Americas,33359416,0,0,1300,2587,3723,0,0,0.389695071,0.775493192,1.116026731
PHL,Philippines,122.8789978,11.7418003,Philippines,PHL,WPRO,Western Pacific Region,111046910,0,0,4,4,4,0,0,0.000360208,0.000360208,0.000360208
POL,Poland,19.4008999,52.1245995,Poland,POL,EURO,European Region,37781024,0,19,128,195,215,0,0.00502898,0.033879442,0.051613212,0.056906875
PRI,Puerto Rico,-66.4623032,18.2213001,Puerto Rico,PRI,AMRO,Region of the Americas,3263584,0,1,90,188,209,0,0.003064116,0.275770441,0.576053811,0.640400247
PRT,Portugal,-8.5627298,39.6010017,Portugal,PRT,EURO,European Region,10299423,0,473,846,930,950,0,0.459249028,0.821405238,0.902963205,0.922381768
PRY,Paraguay,-58.3909988,-23.2362003,Paraguay,PRY,AMRO,Region of the Americas,7219641,0,18,1,2,82,0,0.024931988,0.00138511,0.002770221,0.113579055
QAT,Qatar,51.1912003,25.3150997,Qatar,QAT,EMRO,Eastern Mediterranean Region,2930524,0,0,3,5,5,0,0,0.010237077,0.017061795,0.017061795
ROU,Romania,26.166667,-43.616667,Romania,ROU,EURO,European Region,19190000,0,14,36,40,47,0,0.007295466,0.018759771,0.02084419,0.024491923
RUS,Russian Federation,96.6919022,61.9883995,Russian Federation,RUS,EURO,European Region,143446060,0,0,1,2,2,0,0,6.97E-05,0.000139425,0.000139425
SAU,Saudi Arabia,44.5856018,24.0230999,Saudi Arabia,SAU,EMRO,Eastern Mediterranean Region,35340680,0,0,7,8,8,0,0,0.00198072,0.00226368,0.00226368
SDN,Sudan,30.0499992,13.8315001,Sudan,SDN,EMRO,Eastern Mediterranean Region,44909351,0,0,2,17,18,0,0,0.000445342,0.003785403,0.004008074
SGP,Singapore,103.8079987,1.35162,Singapore,SGP,WPRO,Western Pacific Region,5453566,0,2,16,19,21,0,0.003667325,0.029338602,0.034839589,0.038506915
SLV,El Salvador,-88.8665009,13.7369003,El Salvador,SLV,AMRO,Region of the Americas,6518500,0,0,0,9,88,0,0,0,0.013806857,0.135000384
SMR,San Marino,12.4610004,43.9429016,San Marino,SMR,EURO,European Region,34010,0,0,0,0,1,0,0,0,0,0.294031167
SRB,Serbia,20.8055,44.0320015,Serbia,SRB,EURO,European Region,6844078,0,1,31,40,40,0,0.001461117,0.045294633,0.058444688,0.058444688
SVK,Slovakia,19.4916992,48.7075005,Slovakia,SVK,EURO,European Region,5447247,0,1,12,14,14,0,0.00183579,0.022029477,0.025701056,0.025701056
SVN,Slovenia,14.8264999,46.1236,Slovenia,SVN,EURO,European Region,2107007,0,18,43,47,47,0,0.085429237,0.204080955,0.223065229,0.223065229
SWE,Sweden,16.7397995,62.7901001,Sweden,SWE,EURO,European Region,10415811,0,43,156,198,257,0,0.041283391,0.149772303,0.190095615,0.246740268
THA,Thailand,101.0169983,15.1273003,Thailand,THA,SEARO,South-East Asia Region,69950844,0,0,5,10,12,0,0,0.000714788,0.001429575,0.00171549
TUR,Turkey,35.1795998,39.0605011,T��rkiye,TUR,EURO,European Region,85042736,0,1,1,12,12,0,0.000117588,0.000117588,0.001411055,0.001411055
UKR,Ukraine,31.3871002,49.0171013,Ukraine,UKR,EURO,European Region,43814581,0,0,0,4,5,0,0,0,0.000912938,0.001141173
URY,Uruguay,-56.0124016,-32.7995987,Uruguay,URY,AMRO,Region of the Americas,3485152,0,0,3,9,19,0,0,0.008607946,0.025823838,0.054516991
USA,United States of America,-112.4919968,45.6955986,United States of America,USA,AMRO,Region of the Americas,331893745,0,699,16965,26393,29891,0,0.021060957,0.511157569,0.795224387,0.900619564
VEN,Venezuela,-66.1696014,7.1224399,Venezuela (Bolivarian Republic of),VEN,AMRO,Region of the Americas,28704947,0,1,3,8,12,0,0.000348372,0.001045116,0.002786976,0.004180464
VNM,Vietnam,106.3010025,16.6594009,Viet Nam,VNM,WPRO,Western Pacific Region,98168829,0,0,0,1,2,0,0,0,0.000101865,0.000203731
ZAF,South Africa,25.0832996,-28.9932003,South Africa,ZAF,AFRO,African Region,60041996,0,2,4,5,5,0,0.0003331,0.0006662,0.00083275,0.00083275
